DatGeracaoConjuntoDados,NomAgente,IdeEmpresaProponenteProjeto,DscCodProjeto,DscTituloProjeto,DscTipologia,VlrCustoTotal,VlrRcbGlobal,VlrEnergiaEconomizadaTotal,VlrRetiradaDemandaPontaTotal,DscObjetivo,DscJustificativa,DatInicioProjeto,DatConclusaoProjeto,DscMetodologiaMv,Score,Address,Latitude,Longitude
2024-04-01,Espírito Santo Distribuição de Energia S/A.,693,PE-00380-0009/2006,Ind - CVRD,Industrial,797.58,,2370.0,356.0,,Diagnóstico Energético.,2005-01-01,2006-12-31,,10.0,"EDP - Espírito Santo Distribuição de Energia S. A., 14, Rua Sergipe, Centro, Mucurici, Região Geográfica Imediata de São Mateus, Região Geográfica Intermediária de São Mateus, Espírito Santo, Região Sudeste, 29880-000, Brasil",-18.0946619,-40.5178891
2024-04-01,ENERGISA MATO GROSSO DO SUL - DISTRIBUIDORA DE ENERGIA S.A.,1171,PE-00404-0054/2001,EFICIENTIZAÇÃO ENERGÉTICA DA INDÚSTRIA AMAGGI EXPORTAÇÃO E IMPORTAÇÃO LTDA.,Industrial,1769.0,,2247.35,218.37,,,2000-01-01,2001-12-31,,4.647438358209246,,,
2024-04-01,CENTRAIS ELÉTRICAS DE RONDÔNIA SA CERON,1327,PE-00369-0004/1999,PROJETO IMPLANTAÇÃO DE POSTE PADRÃO E EFICIENTIZAÇÃO ENERGÉTICA EM RESIDÊNCIAS DE BAIXO PODER AQUISITIVO,Baixa Renda,2851.63,0.47,2851.63,760.55,,,1998-01-01,1999-12-31,,4.311205586241121,,,
2024-04-01,COMPANHIA PAULISTA DE FORÇA E LUZ,1559,PE-00063-0058/2005,Educacional,Educacional,111250.0,,126000.0,3738.0,,,2004-01-01,2005-12-31,,4.045373755840963,"Companhia Paulista de Força e Luz, Avenida Sete de Setembro, Vila Pavani, Nova Granada, Região Imediata de São José do Rio Preto, Região Metropolitana de São José do Rio Preto, Região Geográfica Intermediária de São José do Rio Preto, São Paulo, Região Sudeste, 15440-000, Brasil",-20.5356207,-49.3242102
2024-04-01,COMPANHIA ENERGÉTICA DE ALAGOAS - CEAL,1001,PE-00044-0073/2000,EE na Indústria - Fábrica Carmem,Industrial,434.68,,434.68,66.56,,,1999-01-01,2000-12-31,,4.01076497511133,,,
2024-04-01,CEMIG DISTRIBUIÇÃO S.A,389,PE-04950-0002/1999,Aquecimento de Água com Energia Solar em Conjuntos Habitacionais de Baixa Renda,Residencial,1446.07,0.75,935.62,683.56,,Este projeto foi inciado no ciclo 2003/2004. mas também foimencionado pela distribuidora no ciclo de 2004/2005.,1998-01-01,1999-12-31,,3.9224491839971405,,,
2024-04-01,CEB DISTRIBUIÇÃO S.A.,522,PE-05160-0009/2004,Iluminação,Iluminação Pública,2276.0,0.96,1986.0,454.0,,A Campanha será disseminada em conjunto com outros projetos.,2003-01-01,2004-12-31,,3.7964300308101713,,,
2024-04-01,ELEKTRO REDES S.A.,540,PE-00385-0010/2000,Eficientização Energética,Industrial,397253.78,0.36,397253.78,230.0,,Não apresentou RF. Não são calculados o RIRP e o REL.,1999-01-01,2000-12-31,,3.607413226523052,"Tecnologia Avanzada en Redes. S.A, Carretera a San José Pinula, Condominio Cañadas del Pajon 2, Fraijanes, Santa Catarina Pinula, Departamento de Guatemala, 01052, Guatemala",14.5442807,-90.44272761967392
2024-04-01,ELEKTRO REDES S.A.,635,PE-00385-0017/2001,Eficientização Energética,Industrial,378229.26,0.36,378229.26,87.49,,Não apresentou RF. A RCB uiliza 12%.,2000-01-01,2001-12-31,,3.6064937988488763,"Tecnologia Avanzada en Redes. S.A, Carretera a San José Pinula, Condominio Cañadas del Pajon 2, Fraijanes, Santa Catarina Pinula, Departamento de Guatemala, 01052, Guatemala",14.5442807,-90.44272761967392
2024-04-01,ELEKTRO REDES S.A.,596,PE-00385-0014/2006,Eficientização Energética,Industrial,577224.39,0.36,577224.39,128.61,,Projeto a ser compensado no ciclo 2000/2001,2005-01-01,2006-12-31,,3.6064713250345815,"Tecnologia Avanzada en Redes. S.A, Carretera a San José Pinula, Condominio Cañadas del Pajon 2, Fraijanes, Santa Catarina Pinula, Departamento de Guatemala, 01052, Guatemala",14.5442807,-90.44272761967392
2024-04-01,ELEKTRO REDES S.A.,765,PE-00385-0019/2003,Eficientização Energética,Industrial,484792.0,0.81,484792.0,86.6,,Não apresentou RF.,2002-01-01,2003-12-31,,3.6063544926264948,"Tecnologia Avanzada en Redes. S.A, Carretera a San José Pinula, Condominio Cañadas del Pajon 2, Fraijanes, Santa Catarina Pinula, Departamento de Guatemala, 01052, Guatemala",14.5442807,-90.44272761967392
2024-04-01,ELEKTRO REDES S.A.,595,PE-00385-0013/2000,Eficientização Energética,Industrial,661617.46,0.36,661617.46,69.7,,Projeto a ser compensado no ciclo 2000/2001,1999-01-01,2000-12-31,,3.6061606961415484,"Tecnologia Avanzada en Redes. S.A, Carretera a San José Pinula, Condominio Cañadas del Pajon 2, Fraijanes, Santa Catarina Pinula, Departamento de Guatemala, 01052, Guatemala",14.5442807,-90.44272761967392
2024-04-01,AMPLA ENERGIA E SERVIÇOS S.A.,920,PE-00383-0034/2006,Eficiência Energética na ETA de juturnaíba,Serviços Públicos,1976.32,0.49,1709.06,242.0,,,2005-01-01,2006-12-31,,3.57206733880826,,,
2024-04-01,LIGHT SERVIÇOS DE ELETRICIDADE S A,541,PE-00382-0049/2006,Programa de Substituição de Fornos em Panificadoras,Industrial,10380.0,,6048.0,2100.0,,Eficientização Energética da Estamparia S.A. Cancelado,2005-01-01,2006-12-31,,3.037213429636758,,,
2024-04-01,CEMIG DISTRIBUIÇÃO S.A,1262,PE-04950-0095/2004,Iluminação Industrial,Industrial,14740.0,,9568.0,1886.0,,,2003-01-01,2004-12-31,,3.0163166271468254,,,
2024-04-01,ELEKTRO REDES S.A.,765,PE-00385-0019/2003,Eficientização Energética,Industrial,484792.0,0.36,332355.28,75.0,,Não apresentou RF.,2002-01-01,2003-12-31,,2.7747283133542036,"Tecnologia Avanzada en Redes. S.A, Carretera a San José Pinula, Condominio Cañadas del Pajon 2, Fraijanes, Santa Catarina Pinula, Departamento de Guatemala, 01052, Guatemala",14.5442807,-90.44272761967392
2024-04-01,CEMIG DISTRIBUIÇÃO S.A,389,PE-04950-0002/1999,Aquecimento de Água com Energia Solar em Conjuntos Habitacionais de Baixa Renda,Residencial,1446.07,0.73,420.28,307.28,,Este projeto foi inciado no ciclo 2003/2004. mas também foimencionado pela distribuidora no ciclo de 2004/2005.,1998-01-01,1999-12-31,,2.2918454030943742,,,
2024-04-01,CEMIG DISTRIBUIÇÃO S.A,1263,PE-04950-0096/2004,Eficiência Energética em Sistemas de refrigeração Industrial,Industrial,11160.0,,4127.0,780.0,,,2003-01-01,2004-12-31,,2.1240960803784867,,,
2024-04-01,ENERGISA TOCANTINS DISTRIBUIDORA DE ENERGIA S.A.,1097,PE-00032-0014/2000,Substituição de Lâmpadas Incandescentes em Residências,Residencial,2465.3,0.39,803.0,272.8,,,1999-01-01,2000-12-31,,2.1153165043535243,,,
2024-04-01,LIGHT SERVIÇOS DE ELETRICIDADE S A,480,PE-00382-0039/2002,Incentivo à Venda de Eletrodomésticos Eficientes,Residencial,35750.0,0.25,10260.0,4731.16,,Substituição de motores de baixo rendimento. por motores de alto rendimento,2001-01-01,2002-12-31,,2.0702468346031297,,,
2024-04-01,LIGHT SERVIÇOS DE ELETRICIDADE S A,518,PE-00382-0048/2006,Eficiência na Indústria,Industrial,42650.0,,16876.0,231.0,,Eficientização Energética da Gerdau - Barão de Cocais Cancelado,2005-01-01,2006-12-31,,2.0220326788990937,,,
2024-04-01,RIO GRANDE ENERGIA SA,818,PE-00397-0018/2000,Projeto de Eficientização em Prédios Públicos,Poder Público,20000.0,,7528.0,1.29,,Projeto Cancelado,1999-01-01,2000-12-31,,1.956875970471112,,,
2024-04-01,Companhia Sul Paulista de Energia,253,PE-00073-0002/2005,Eficiência Energética em Unidades Consumidoras de Baixo Poder Aquisitivo e Regularização das Instalações,Baixa Renda,6382.85,0.21,1333.41,815.75,,O custo realizado foi menor que o previsto em função do veto do Depto de Arquitetura do Theatro à utilização de lâmpadas fluorescentes compactas em algumas luminárias instaladas na área de espetáculos,2004-01-01,2005-12-31,,1.8517361833684793,,,
2024-04-01,CEMIG DISTRIBUIÇÃO S.A,1239,PE-04950-0072/2005,Reforço para a Região Noroeste de Minas Gerais,Pelo Lado da Oferta/Perdas,143000.0,0.41,35267.76,6100.0,,,2004-01-01,2005-12-31,,1.7263210868945573,,,
2024-04-01,Companhia Leste Paulista de Energia,1555,PE-00071-0010/2000,Eficientização Energética em Indústria Têxtil,Industrial,2000.0,,497.3,66.2,,,1999-01-01,2000-12-31,,1.7063902168742615,,,
2024-04-01,CEMIG DISTRIBUIÇÃO S.A,1262,PE-04950-0095/2004,Iluminação Industrial,Industrial,14740.0,,2945.0,584.0,,,2003-01-01,2004-12-31,,1.5944382306232385,,,
2024-04-01,Companhia Leste Paulista de Energia,152,PE-00071-0001/2002,Eficiência Energética em Unidades Consumidoras de Baixo Poder Aquisitivo e Regularização das Instalações,Baixa Renda,4409.05,0.19,618.9,380.3,,Pré(Antecipação de investimento para o ciclo 2001/2002.) Pós(Ausência de informações e controle do consumo de energia. Sistema elétrico obsoleto. A análise de viabilidade não contempla os ganhos qualitativos da implementação em termos de iluminância . aumento da qualidade na distribuição de luz em virtude do novo sistema óptico e satisfação dos usuários.),2001-01-01,2002-12-31,,1.5606081091322608,,,
2024-04-01,CEMIG DISTRIBUIÇÃO S.A,1259,PE-04950-0092/1999,Eficientização em Instalações Industriais,Industrial,30580.0,,5976.4,296.0,,,1998-01-01,1999-12-31,,1.5037229474178266,,,
2024-04-01,Enel Distribuicao Goias,3756,PE-06072-0051/2020,PEE - Banho Eficiente (Qbanho),Residencial,11400.0,0.53,1350.24,456.6,Promover acoes de eficiencia  energetica nas instalacoes dos clientes. a partir da substituicao de lampadas incandescentes e fluorescentes compactas por lampadas LED. substituicao de chuveiros eletricos convencionais com instalacao de sistemas de troca de calor para chuveiro visando economia de energia eletrica e reducao de demanda no horario de ponta,Atendimento a Lei 9.991 para o investimento em eficiencia energetica por meio da Resolucao 830.,2020-04-09,2021-08-01,Foi adotada a metodologia A do Protocolo Internacional de Medição e Verificação de Performance  PIMVP. sendo feitas as medições do parâmetro chave de potência e tendo a medição do tempo como estimativa.,1.3804319782052792,,,
2024-04-01,COPEL DISTRIBUICAO S.A.,240,PE-02866-0073/2006,Eficientização Energética no Campus Universitário do Centro Politécnico da Universidade Federal do Paraná,Poder Público,2917.68,0.61,349.96,87.02,,A ANEEL. através do Ofício nº 107/2007-SPE/ANEEL autorizou a reapresentação destes Projetos. a transferência de seus percentuais para o Ciclo 2006/2007 com aproveitamento das metas físicas e financeiras já realizadas.,2005-01-01,2006-12-31,,1.3573566515884532,"Copel Distribuição S.A., Rua Vicente Machado, Guarapuava, Região Geográfica Imediata de Guarapuava, Região Geográfica Intermediária de Guarapuava, Paraná, Região Sul, 85010-050, Brasil",-25.38696195,-51.474271
2024-04-01,RIO GRANDE ENERGIA SA,823,PE-00397-0023/2005,Instalação de Bancos de Capacitores em Subestações,Pelo Lado da Oferta/Perdas,291920.56,,34140.0,6780.0,,Projeto Cancelado,2004-01-01,2005-12-31,,1.3319841706120323,,,
2024-04-01,COMPANHIA ENERGETICA DO PIAUI,12437,PE-00038-0006/2015,EE na AGESPISA em 8 Municípios no Piauí,Serviços Públicos,10000.0,0.58,1234.03,166.88,Tornar eficientes as instalações e o uso da energia elétrica nas instalações da AGESPISA. através do uso de equipamentos energeticamente mais eficientes.,Sem avaliacao inicial,2016-01-01,2023-12-31,,1.3317613443054919,,,
2024-04-01,RIO GRANDE ENERGIA SA,823,PE-00397-0023/2005,Instalação de Bancos de Capacitores em Subestações,Pelo Lado da Oferta/Perdas,291920.56,,32866.0,6780.0,,Projeto Cancelado,2004-01-01,2005-12-31,,1.3204425792785186,,,
2024-04-01,LIGHT SERVIÇOS DE ELETRICIDADE S A,509,PE-00382-0042/2007,Eficientização de Sistema de Climatização em Instalações Comerciais e de Serviços,Comércio e Serviços,128223.0,,13930.0,3180.0,,substituição dos motores Standard por motores de Alto Rendimento,2006-01-01,2007-12-31,,1.3141708228019837,,,
2024-04-01,COMPANHIA JAGUARI DE ENERGIA,1348,PE-00069-0002/2005,Eficientização de Instalações Industriais,Industrial,6000.0,,648.11,129.41,,,2004-01-01,2005-12-31,,1.3039813216720355,,,
2024-04-01,NOVA PALMA ENERGIA LTDA,183,PE-00400-0002/2005,EFICIÊNCIA EM PROJETOS DE  ILUMINAÇÃO PÚBLICA e Gel. Eficiêntes,Residencial,1000.0,,83.15,45.04,,substituição de motores standard por um modelo mais eficiente (Alto Rendimento)-instalação de inversores de freqüência em sistemas de acionamento de motores.substituição de sistema de iluminação por sistemas eficientes-implantação de um Sistema de Gestão de Energia e Utilidades,2004-01-01,2005-12-31,,1.3002848698491936,,,
2024-04-01,CEMIG DISTRIBUIÇÃO S.A,1238,PE-04950-0071/2005,Cerrados Mineiros - Plano de Reforço para Área de Paracatu,Pelo Lado da Oferta/Perdas,277000.0,0.42,30064.0,5200.0,,,2004-01-01,2005-12-31,,1.2979526884233783,,,
2024-04-01,COMPANHIA PAULISTA DE FORÇA E LUZ,1573,PE-00063-0072/2006,Implantação de Sistemas de Gestão de Redes de Distribuição - GIS,Pelo Lado da Oferta/Perdas,624750.0,0.0,64000.0,15200.0,,,2005-01-01,2006-12-31,,1.2965347873168822,"Companhia Paulista de Força e Luz, Avenida Sete de Setembro, Vila Pavani, Nova Granada, Região Imediata de São José do Rio Preto, Região Metropolitana de São José do Rio Preto, Região Geográfica Intermediária de São José do Rio Preto, São Paulo, Região Sudeste, 15440-000, Brasil",-20.5356207,-49.3242102
2024-04-01,CEB DISTRIBUIÇÃO S.A.,758,PE-05160-0014/2005,Eficientização Energética no Sistema de Iluminação em Escolas Públicas no Distrito Federal,Poder Público,12960.0,0.47,1314.57,149.38,,Não apresentou RF.,2004-01-01,2005-12-31,,1.2600083144398713,,,
2024-04-01,Companhia de Eletricidade do Estado da Bahia,1426,PE-00047-0083/2000,Diagnóstico Energético nas Indústrias,Industrial,260000.0,,25300.0,2730.0,,,1999-01-01,2000-12-31,,1.2463850777242065,"Companhia de Eletricidade do Estado da Bahia, Avenida Doutor Guilherme Dias, Ginásio Industrial, Brumado, Região Geográfica Intermediária de Vitória da Conquista, Bahia, Região Nordeste, 46100-970, Brasil",-14.207599649999999,-41.669760408092785
2024-04-01,CPFL Santa Cruz,3806,PE-00069-0028/2020,IP Pedreira,Iluminação Pública,2256.14,0.32,205.9,35.57,Reduzir o consumo e melhorar a qualidade da energia elétrica do município de Pedreira / SP,No se aplica,2020-05-04,2020-12-28,Medio Isolada da AEE: Medio de parmetros-chave,1.2443216771762013,"CPFL Agencia de Araçoiaba da Serra, Rua Santo Antônio, Jardim Santa Cruz, Residencial Primavera, Araçoiaba da Serra, Região Imediata de Sorocaba, Região Metropolitana de Sorocaba, Região Geográfica Intermediária de Sorocaba, São Paulo, Região Sudeste, 18190-000, Brasil",-23.50748455,-47.60971348174161
2024-04-01,LIGHT SERVIÇOS DE ELETRICIDADE S A,1792,PE-00382-0091/2000,Efic. Da Fábrica Nadir Figueiredo,Industrial,35750.0,,3386.0,396.0,,,1999-01-01,2000-12-31,,1.2410495642561452,,,
2024-04-01,ENERGISA MATO GROSSO DISTRIBUIDORA DE ENERGIA S.A.,3735,PE-00405-0097/2020,EFICIENTIZACAO DA UFMT - CAMPUS CUIABA,Poder Público,5000.0,0.53,414.47,102.98,Este projeto tem como objetivos economizar energia e reduzir demanda no horrio de ponta com a eficientizao do sistema de iluminao. condicionamento e Instalao de Gerao de Energia atraves de paineis solares  na Universidade Federal do Mato Grosso  Campus Cuiab,,2020-04-06,2021-12-31,Opo A. Esta opo prev que um dos parmetros de influncia sobre o resultado deve ser medido. podendo-se estimar os demais.,1.2349659467450005,,,
2024-04-01,LIGHT SERVIÇOS DE ELETRICIDADE S A,662,PE-00382-0057/2000,Eficiência em Instalações Comerciais,Comércio e Serviços,59000.0,0.54,5179.0,792.0,,instalação dos novos chillers,1999-01-01,2000-12-31,,1.228919266008458,,,
2024-04-01,COMPANHIA PAULISTA DE FORÇA E LUZ,1559,PE-00063-0058/2005,Educacional,Educacional,111250.0,,8568.0,2542.0,,,2004-01-01,2005-12-31,,1.2253802197054355,"Companhia Paulista de Força e Luz, Avenida Sete de Setembro, Vila Pavani, Nova Granada, Região Imediata de São José do Rio Preto, Região Metropolitana de São José do Rio Preto, Região Geográfica Intermediária de São José do Rio Preto, São Paulo, Região Sudeste, 15440-000, Brasil",-20.5356207,-49.3242102
2024-04-01,COMPANHIA ENERGÉTICA DO PIAUÍ,12403,PE-00038-0023/2019,Troca de Residuos por Bonus na Conta de Energia - ECOCEPISA 2019/2021,Residencial,229500.32,0.32,22527.71,0.0,O projeto troca de residuos por bonus na conta de energia - Ecocepisa. consiste na troca de lixo reciclavel residencial. comercial ou industrial por creditos na conta de energia eletrica dos consumidores residenciais ou organizacoes sem fins comerciais. com destinacao organizada do material a industria de reciclagem. ï¿½ um novo paradigma social e nova forma de tratamento e relacionamento com os clientes. e no cenario atual. Ã© uma ferramenta efetiva que permite a geracao de renda para o pagamento das contas de energia eletrica da populacao de baixo poder aquisitivo. A eficientizacao energetica. por economia de energia no re-processamento e nao na producao inicial da mataria prima. obtida atraves de tabela gravimetrica de residuos. tendo como referencia indices internacionais. de conversao das toneladas recicladas. por tipologia. em energia economizada equivalente,Sem avaliacao inicial,2019-11-28,2024-04-30,,1.2208702561540914,,,
2024-04-01,COMPANHIA ESTADUAL DE DISTRIBUIÇÃO DE ENERGIA ELÉTRICA - CEEE-D,1031,PE-05707-0036/2006,HOSPITAIS - Eficientização do Sistema de Iluminação,Poder Público,24634.14,0.72,1809.8,502.72,,,2005-01-01,2006-12-31,,1.2095374455725378,,,
2024-04-01,Energisa Sul-Sudeste Distribuidora de Energia S.A.,3710,PE-05216-0086/2020,UNICENTRO,Poder Público,4000.0,0.27,324.64,49.24,Reduzir o consumo e as perdas no tcnicas de energia eltrica,Estaremos realizando medies individuais de um grupo do clientes que possuem a mesma caracterstica de consumo,2020-02-05,2021-02-04,Para o sistema de Iluminao. foi escolhida a opo A de acordo com o PIMVP. Volume I. EVO 10000-1:2012 (Br). Esta opo foi escolhida devido  facilidade em medir o parmetro chave e para evitar ajustes no-de-rotina que venham ocorrer nos outros equipamentos que no fazem parte deste estudo.,1.2084669249967703,,,
2024-04-01,ENERGISA SERGIPE - DISTRIBUIDORA DE ENERGIA S.A,505,PE-06587-0038/2004,Eficientização Energética  Berneck Aglomerados S.A,Comércio e Serviços,10571.6,0.65,848.12,103.94,,Substituição de lâmpadas incandescentes de 60W por LFCs de 15W.,2003-01-01,2004-12-31,,1.1994446346001568,,,
2024-04-01,CEMIG DISTRIBUIÇÃO S.A,1245,PE-04950-0078/1999,Diagnóstico Energético,Industrial,93500.0,,6592.0,1650.0,,,1998-01-01,1999-12-31,,1.1943975075213935,,,
2024-04-01,CEMIG DISTRIBUIÇÃO S.A,1220,PE-04950-0053/1999,Utilização de Aquecimento Solar para Redução da Demanda no Horário de Ponta,Residencial,108080.0,0.36,6366.0,3144.0,,,1998-01-01,1999-12-31,,1.1939760794270033,,,
2024-04-01,COMPANHIA ENERGETICA DO CEARA,1445,PE-00039-0022/2004,Educacional,Educacional,49893.58,,3726.0,575.0,,,2003-01-01,2004-12-31,,1.1892504036320695,"Companhia Energética do Rio Grande do Norte, Rua Heráclio de Araújo Vilar, Santa Águeda, Ceará-Mirim, Região Geográfica Imediata de Natal, Região Geográfica Intermediária de Natal, Rio Grande do Norte, Região Nordeste, 59570-000, Brasil",-5.63498165,-35.4179213689158
2024-04-01,Companhia Energética de Pernambuco,725,PE-00043-0002/2001,Incentivo ao uso de motores de indução trifásicos eficientes,Industrial,14736.04,,1129.0,130.0,,Relatório codificado,2000-01-01,2001-12-31,,1.1872227231477903,"Companhia Energética de Pernambuco, 111, Avenida João de Barros, Soledade, Recife, Região Geográfica Imediata do Recife, Região Metropolitana do Recife, Pernambuco, Região Nordeste, 50050-315, Brasil",-8.05378155,-34.89064484744516
2024-04-01,COMPANHIA ENERGETICA DO CEARA,1445,PE-00039-0022/2004,Educacional,Educacional,49893.58,,4223.0,0.65,,,2003-01-01,2004-12-31,,1.1851504728269466,"Companhia Energética do Rio Grande do Norte, Rua Heráclio de Araújo Vilar, Santa Águeda, Ceará-Mirim, Região Geográfica Imediata de Natal, Região Geográfica Intermediária de Natal, Rio Grande do Norte, Região Nordeste, 59570-000, Brasil",-5.63498165,-35.4179213689158
2024-04-01,Energisa Sul-Sudeste Distribuidora de Energia S.A.,3761,PE-05216-0087/2020,UNICENTRO,Poder Público,4000.0,0.31,290.7,44.18,Reduzir o consumo e as perdas não técnicas de energia elétrica,Estaremos realizando medições individuais de um grupo do clientes que possuem a mesma característica de consumo,2020-02-05,2021-02-04,0,1.1826820819018395,,,
2024-04-01,COMPANHIA ESTADUAL DE DISTRIBUIÇÃO DE ENERGIA ELÉTRICA - CEEE-D,380,PE-05707-0005/2007,Eficientização dos Prédios Municipais de Osório,Poder Público,2461.34,0.3,141.61,53.64,,Não há relatório sobre o projeto. os dados obtidos foram retirados da síntese dos relatórios do ciclo 1998/1999.,2006-01-01,2007-12-31,,1.1710632577007276,,,
2024-04-01,CEB DISTRIBUIÇÃO S.A.,757,PE-05160-0013/2005,Diagnósticos em Prédios Públicos,Poder Público,54730.0,,4314.82,3.31,,Não apresentou RF.,2004-01-01,2005-12-31,,1.1699323593339679,,,
2024-04-01,CEB DISTRIBUIÇÃO S.A.,629,PE-05160-0011/1999,Diagnóstico em Instalações Comerciais,Comércio e Serviços,34460.0,,2095.83,567.73,,Projeto não consta no relatório final,1998-01-01,1999-12-31,,1.1656890108424864,,,
2024-04-01,ELEKTRO REDES S.A.,548,PE-00385-0011/1999,Gestão Energética - Industrial,Industrial,117151.41,,7100.0,1820.0,,As informações no relatório final são insuficientes,1998-01-01,1999-12-31,,1.1626385742448495,"Tecnologia Avanzada en Redes. S.A, Carretera a San José Pinula, Condominio Cañadas del Pajon 2, Fraijanes, Santa Catarina Pinula, Departamento de Guatemala, 01052, Guatemala",14.5442807,-90.44272761967392
2024-04-01,CEMIG DISTRIBUIÇÃO S.A,1234,PE-04950-0067/2004,Reforço p/ o Sistema Elétrico da Região Noroeste de MG,Pelo Lado da Oferta/Perdas,531425.0,0.0,31527.24,6100.0,,,2003-01-01,2004-12-31,,1.1485260182621186,,,
2024-04-01,ENERGISA MATO GROSSO DISTRIBUIDORA DE ENERGIA S.A.,3736,PE-00405-0098/2020,Projeto Eficiencia Energetica - UFMT Rondonopolis,Poder Público,8000.0,0.37,470.5,86.72,Reduzir o consumo de energia na UFMT Rondonpolis com aes de eficincia energtica e implantao de sistema fotovoltico,,2020-01-02,2021-12-31,Medio individual dos equipamentos dentro da amostragem necessria,1.1454794116180174,,,
2024-04-01,EQUATORIAL MARANHAO DISTRIBUIDORA DE ENERGIA S.A.,8009,PE-00037-0054/2020,PROJETO E+ LUZES DA CIDADE-ILUMINACAO PUBLICA NO MUNICIPIO DE CAXIAS,Iluminação Pública,2085.78,0.14,116.06,26.52,Implantação de ações de eficiência energética (AEE) no sistema de iluminação pública no município de Caxias. através substituição de luminárias. lâmpadas. reatores. relés fotoelétricos. braços e demais dispositivos de fixação por conjuntos de iluminação com melhor eficiência energética e luminosa. baseados na tecnologia LED.,Sem avaliacao inicial,2020-11-09,2021-09-17,,1.1420556507509152,,,
2024-04-01,AMPLA ENERGIA E SERVIÇOS S.A.,1322,PE-00383-0009/2001,Substituição de Sistemas Convencionais de Aquecimento de Água por Sistemas Baseados em Aquecimento Solar - Projeto Piloto,Residencial,2011.0,0.58,45.16,91.52,,,2000-01-01,2001-12-31,,1.1410191120537858,,,
2024-04-01,EQUATORIAL MARANHAO DISTRIBUIDORA DE ENERGIA S.A.,7994,PE-00037-0048/2020,PROJETO E+ LUZES DA CIDADE-ILUMINACAO PUBLICA DE CAXIAS - MA,Iluminação Pública,2085.78,0.14,112.27,25.63,EFICIENTIZACAO DO PARQUE DE ILUMINACAO PUBLICA,Sem avaliacao inicial,2020-09-01,2021-03-01,,1.1361218052403994,,,
2024-04-01,LIGHT SERVIÇOS DE ELETRICIDADE S A,571,PE-00382-0053/2005,Eficientização Energética do CASS e IPLAN,Poder Público,32546.49,,1760.0,353.0,,Cancelado a pedido do Cliente PROJETO CANCELADO,2004-01-01,2005-12-31,,1.1329706440657288,,,
2024-04-01,Companhia de Eletricidade do Estado da Bahia,275,PE-00047-0001/2000,Diagnóstico Energético dos Consumidores Irrigantes da Região Oeste do Estado da Bahia,Rural,158000.0,,6350.0,3820.0,,Projeto de Diagnóstico. não ão trocados equipamentos. cliente solicitou adiamento devido ao fato das chuvas. o que torna a parada de algumas unidades para troca de motores impraticável.,1999-01-01,2000-12-31,,1.1315018009285756,"Companhia de Eletricidade do Estado da Bahia, Avenida Doutor Guilherme Dias, Ginásio Industrial, Brumado, Região Geográfica Intermediária de Vitória da Conquista, Bahia, Região Nordeste, 46100-970, Brasil",-14.207599649999999,-41.669760408092785
2024-04-01,Companhia Energtica de Pernambuco,3750,PE-00043-0075/2020,ECC 2021-2022,Baixa Renda,99299.2,0.91,5051.78,1282.76,Troca de lmpadas para baixa renda e ucs no mesmo bairro,Reduo de energia e demanda na ponta de unidades do Poder Pblico,2020-04-17,2022-12-31,Opo A do PIMVP,1.1299821220056192,,,
2024-04-01,COMPANHIA ESTADUAL DE DISTRIBUIÇÃO DE ENERGIA ELÉTRICA - CEEE-D,1032,PE-05707-0037/2006,DMAE - Eficientização do Sistema de Bombeamento,Poder Público,17582.99,0.5,873.0,221.0,,,2005-01-01,2006-12-31,,1.1258214636923083,,,
2024-04-01,ENERGISA MATO GROSSO DISTRIBUIDORA DE ENERGIA S.A.,3742,PE-00405-0100/2020,PROJETO DE EFICIENCIA ENERGETICA ASSEMBLEIA LEGISLATIVA DO ESTADO DE MT,Poder Público,7925.84,0.53,412.68,74.34,O Projeto consiste em aes de eficincia energtica no sistema de Iluminao da Assembleia Legislativa do Estado do Mato Grosso.,,2020-04-06,2021-12-31,A metodologia de Medio e Verificao utilizada ser a opo A. seguindo as diretrizes estabelecidas no (PIMVP). a curto prazo. com a extrapolao destas economias para o longo prazo. uma vez que no se esperam variaes nos parmetros medidos ao longo do tempo. A opo A (medio isolada do parmetro chave) ser adotada para o sistema de Iluminao. tendo como parmetro chave a potncia das lmpadas. Todas as amostragens utilizadas para a obteno dos resultados do projeto tero como base os seguintes parmetros: 10% e 95% de preciso e confiabilidade. respectivamente.,1.1237794265814514,,,
2024-04-01,COMPANHIA PAULISTA DE FORÇA E LUZ,1571,PE-00063-0070/2005,Redes para Conexão de Cogeração,Pelo Lado da Oferta/Perdas,1197550.0,0.0,6593.7,59797.0,,,2004-01-01,2005-12-31,,1.1078899285605357,"Companhia Paulista de Força e Luz, Avenida Sete de Setembro, Vila Pavani, Nova Granada, Região Imediata de São José do Rio Preto, Região Metropolitana de São José do Rio Preto, Região Geográfica Intermediária de São José do Rio Preto, São Paulo, Região Sudeste, 15440-000, Brasil",-20.5356207,-49.3242102
2024-04-01,ENERGISA MATO GROSSO - DISTRIBUIDORA DE ENERGIA S.A.,185,PE-00405-0006/2005,Educacional,Educacional,102341.31,,4329.31,1235.53,,Regularização de clientes clandestinos. ações educativas. reforma da rede interna e substituição de refrigeradores e lâmpadas incandescentes por LFC's. Este projeto não apresenta os valores da colunas realizado pois se encontrava em atraso até a data de elaboração do relatório.,2004-01-01,2005-12-31,,1.105077469150425,,,
2024-04-01,LIGHT SERVIÇOS DE ELETRICIDADE S A,1791,PE-00382-0090/2001,Efic. Energética da Gráfica Souza Cruz,Industrial,35842.5,,1630.0,313.0,,,2000-01-01,2001-12-31,,1.10463865749665,,,
2024-04-01,EQUATORIAL PIAUI DISTRIBUIDORA DE ENERGIA S.A.,5212,PE-00038-0029/2020,PROJETO E+ LUZES DA CIDADE-EE NA ILUMINAO PBLICA DE TERESINA-PI,Iluminação Pública,25638.35,0.17,1128.65,257.68,EFICIENTIZAO DO PARQUE DE ILUMINAO PBLICA DA PREFEITURA DE TERESINA,Sem avaliao inicial,2020-09-09,2021-03-09,,1.1042766590922561,,,
2024-04-01,ENERGISA SERGIPE - DISTRIBUIDORA DE ENERGIA S.A,406,PE-06587-0020/2004,Instalação de Banco de Capacitores em redes de distribuição,Pelo Lado da Oferta/Perdas,40000.0,,1566.0,461.0,,Substituição de lâmpadas incandescentes por LFCs e eficientização das instalações elétricas residenciais.,2003-01-01,2004-12-31,,1.0952915998385424,,,
2024-04-01,COMPANHIA ESTADUAL DE DISTRIBUIÇÃO DE ENERGIA ELÉTRICA - CEEE-D,266,PE-05707-0002/2007,Escolas Públicas - Eficientização do Sistema de Iluminação,Poder Público,10384.33,0.3,392.84,124.0,,Divulgação na Feira de Equipamentos para Restaurantes e Panificadoras no RioCentro. Paralelamente serão realizadas palestras no Congresso Nacional das Indústrias Panificadoras - CONGREPAN.,2006-01-01,2007-12-31,,1.0929011678080827,,,
2024-04-01,ENERGISA SERGIPE - DISTRIBUIDORA DE ENERGIA S.A,273,PE-06587-0010/2004,Doação Lâmpadas e Sistemas de Iluminação Eficientes para Entidades Filantrópico-Assistenciais,Comércio e Serviços,21823.63,0.77,778.73,298.69,,Substituição de lâmpadas incandescentes de 40W. 60W e 100W por LFCs de 20W. Os valores das colunas realizado não constam no relatório do projeto pois o mesmo ainda estava em andamento.,2003-01-01,2004-12-31,,1.0918388343462382,,,
2024-04-01,ENERGISA MATO GROSSO DO SUL - DISTRIBUIDORA DE ENERGIA S.A.,1166,PE-00404-0049/2000,Eficientização das Instalações Industriais da ADM do Brasil,Industrial,13238.38,0.81,582.11,70.3,,,1999-01-01,2000-12-31,,1.091606831129314,,,
2024-04-01,COMPANHIA ENERGETICA DO CEARA,1460,PE-00039-0038/2005,Eficiêntização Energética Sec. Educação Est. Ceará- SEDUC,Poder Público,194650.99,,210.67,9236.0,,,2004-01-01,2005-12-31,,1.0896224449764595,"Companhia Energética do Rio Grande do Norte, Rua Heráclio de Araújo Vilar, Santa Águeda, Ceará-Mirim, Região Geográfica Imediata de Natal, Região Geográfica Intermediária de Natal, Rio Grande do Norte, Região Nordeste, 59570-000, Brasil",-5.63498165,-35.4179213689158
2024-04-01,CENTRAIS ELÉTRICAS DO PARÁ S.A. - CELPA,703,PE-00371-0009/2001,Eficientização do Bombeamento de Água no Sistema Autônomo de Almerin,Serviços Públicos,20287.42,,966.72,3.6,,Relatório de Execução,2000-01-01,2001-12-31,,1.0877641086377556,,,
2024-04-01,EQUATORIAL PIAUI DISTRIBUIDORA DE ENERGIA S.A.,5211,PE-00038-0028/2020,PROJETO E+ LUZES DA CIDADE-EE NA ILUMINAO PBLICA DE PARNABA-PI,Iluminação Pública,37505.85,0.15,1451.58,335.13,EFICIENTIZAO DO PARQUE DE ILUMINAO PBLICA DA PREFEITURA DE PARNABA,Sem avaliao inicial,2020-09-09,2021-03-09,Ser utilizada a opo A do PIMVP.,1.0872603770961249,,,
2024-04-01,COPEL DISTRIBUICAO S.A.,726,PE-02866-0095/2004,Substituição de Lâmpadas em Unidades Consumidoras Residenciais Classificadas como Baixa Renda,Residencial,1098803.08,0.21,37777.5,14490.0,,Projeto em andamento,2003-01-01,2004-12-31,,1.0870739633897653,"Copel Distribuição S.A., Rua Vicente Machado, Guarapuava, Região Geográfica Imediata de Guarapuava, Região Geográfica Intermediária de Guarapuava, Paraná, Região Sul, 85010-050, Brasil",-25.38696195,-51.474271
2024-04-01,Companhia Energética de Pernambuco,855,PE-00043-0018/2000,Projeto de Doação de LFC's  para Residências,Residencial,3407627.06,0.08,145469.8,16606.0,,Concluído,1999-01-01,2000-12-31,,1.0870607146006277,"Companhia Energética de Pernambuco, 111, Avenida João de Barros, Soledade, Recife, Região Geográfica Imediata do Recife, Região Metropolitana do Recife, Pernambuco, Região Nordeste, 50050-315, Brasil",-8.05378155,-34.89064484744516
2024-04-01,EQUATORIAL MARANHAO DISTRIBUIDORA DE ENERGIA S.A.,8003,PE-00037-0051/2020,PROJETO E+ LUZES DA CIDADE-ILUMINACAO PUBLICA EM MUNICIPIOS DO ESTADO DO MARANHAO,Iluminação Pública,12476.62,0.13,472.65,112.8,EFICIENTIZACAO DO PARQUE DE ILUMINACAO PUBLICA,Sem avaliacao inicial,2020-12-01,2021-06-01,,1.0853709988610407,,,
2024-04-01,CEMIG DISTRIBUIÇÃO S.A,1233,PE-04950-0066/2004,Compensação Reativa em Subestações,Pelo Lado da Oferta/Perdas,475025.0,0.0,18606.3,3600.0,,,2003-01-01,2004-12-31,,1.084905324154367,,,
2024-04-01,AMPLA ENERGIA E SERVIÇOS S.A.,1320,PE-00383-0007/2005,Incentivo à Venda de Eletrodomésticos Eficientes,Residencial,3682.0,0.5,112.39,54.84,,,2004-01-01,2005-12-31,,1.0813892775573088,,,
2024-04-01,AMPLA ENERGIA E SERVIÇOS S.A.,911,PE-00383-0025/2007,Programa de Eficiência Energética,Gestão Energética Municipal,434162.04,,18125.0,1356.0,,,2006-01-01,2007-12-31,,1.0799406025579081,,,
2024-04-01,AMPLA ENERGIA E SERVIÇOS S.A.,913,PE-00383-0027/2007,Gestão energética Municipal,Educacional,434162.04,,18125.0,1356.0,,,2006-01-01,2007-12-31,,1.0799406025579081,,,
2024-04-01,COMPANHIA CAMPOLARGUENSE DE ENERGIA,3805,PE-00082-0004/2019,Iluminando o Saber com Eficiência,Serviços Públicos,5000.0,0.8,224.04,0.0,Promover a eficientizacao dos estabelecimentos escolares da rede publica municipal de Campo Largo. sendo 35 escolas e 01 Centro Esportivo. com a inclusao de instalacao de geracao distribuida atraves de paineis fotovoltaicos em 5 escolas e no Centro Esportivo visando a autosuficiencia destes. Difundir conceitos de economia de energia com os usuarios.,Sem avaliação inicial,2020-04-29,2021-12-01,,1.0797754935092774,,,
2024-04-01,EQUATORIAL MARANHAO DISTRIBUIDORA DE ENERGIA S.A.,8004,PE-00037-0052/2020,PROJETO E+ LUZES DA CIDADE-ILUMINACAO PUBLICA DE TIMON,Iluminação Pública,6000.0,0.14,215.06,51.32,EFICIENTIZACAO DO PARQUE DE ILUMINACAO PUBLICA,Sem avaliacao inicial,2020-12-01,2021-06-01,,1.078687720260436,,,
2024-04-01,EQUATORIAL MARANHAO DISTRIBUIDORA DE ENERGIA S.A.,8013,PE-00037-0058/2020,PROJETO E+ LUZES DA CIDADE-ILUMINACAO PUBLICA DE TIMON,Iluminação Pública,6000.0,0.14,215.06,51.32,EFICIENTIZACAO DO PARQUE DE ILUMINACAO PUBLICA,Sem avaliacao inicial,2020-12-01,2021-06-01,,1.078687720260436,,,
2024-04-01,COPEL DISTRIBUICAO S.A.,1511,PE-02866-0116/2007,Eficientização Energética - Mabu Thermas e Resort S.A. - Sistema de Aquecimento de Água,Comércio e Serviços,5657.92,0.34,98.55,151.76,,,2006-01-01,2007-12-31,,1.0782750792412676,"Copel Distribuição S.A., Rua Vicente Machado, Guarapuava, Região Geográfica Imediata de Guarapuava, Região Geográfica Intermediária de Guarapuava, Paraná, Região Sul, 85010-050, Brasil",-25.38696195,-51.474271
2024-04-01,COPEL DISTRIBUICAO S.A.,1513,PE-02866-0118/2004,Eficientização Energética  SERVOPA S.A. COMÉRCIO E INDÚSTRIA,Comércio e Serviços,4849.64,0.68,170.63,42.68,,,2003-01-01,2004-12-31,,1.0775982081464743,"Copel Distribuição S.A., Rua Vicente Machado, Guarapuava, Região Geográfica Imediata de Guarapuava, Região Geográfica Intermediária de Guarapuava, Paraná, Região Sul, 85010-050, Brasil",-25.38696195,-51.474271
2024-04-01,LIGHT SERVIÇOS DE ELETRICIDADE S A,1779,PE-00382-0077/2005,Educacional,Educacional,160000.0,,5880.0,1032.0,,,2004-01-01,2005-12-31,,1.0755231970748866,,,
2024-04-01,COMPANHIA ESTADUAL DE DISTRIBUIÇÃO DE ENERGIA ELÉTRICA - CEEE-D,1033,PE-05707-0038/2007,CORSAN - Eficientização do Sistema de Iluminação,Poder Público,6859.92,0.57,195.99,92.8,,,2006-01-01,2007-12-31,,1.072609105594433,,,
2024-04-01,COMPANHIA ENERGÉTICA DO RIO GRANDE DO NORTE COSERN,2,PE-00040-0003/1999,Diagnóstico Energético - Sacoplast e Antártica/RN,Industrial,36628.0,,1037.0,504.0,, Elaboração dos instrumentos legais de cooperação e respectiva aprovação pelas áreas jurídicas da Copel e da Prefeitura Municipal. tendo em vista a natureza estatal da Copel e o Poder Público Municipal. o que implica na observação a Leis e Decretos pertinentes. tornando mais complexa a elaboração dos termos de cooperação técnica- Necessidade de submissão desses termos à anuência do Governo do Estado. conforme disposto no Decreto Estadual nº 3.471. de 30.01.2001. Período eleitoral. Lei Eleitoral nº 9.504/1994 e 11.300/2006- O atraso na execução do projeto é devido ao atendimento dos trâmites e prazos legais. conforme descrito a seguir:o A Copel é integrante da Administração Pública Indireta do Estado do Paraná e. em razão disso. deve observância às normas e princípios que norteiam as atividades da administração pública.o Por força de lei. a Copel sujeita-se. dentre outras leis. à Lei eleitoral (Lei nº 9.504/1997). que. com redação dada pela Lei 11.300/2006. estabelece em seu Art. 73 o seguinte:Art. 73 - No ano em que se realizar eleição. fica proibida a distribuição gratuita de bens. valores ou benefícios por parte da Administração Pública. exceto nos casos de calamidade pública. de estado de emergência ou de programas sociais autorizados em lei e já em execução orçamentária no exercício anterior. casos em que o Ministério Público poderá promover o acompanhamento de sua execução financeira e administrativa. (parágrafo acrescido pela Lei nº 11.300 de 10.05.2006 e publicada no DOU em 11.05.2006).o O PEE ciclo 2005/2006. foi aprovado em 26/06/2006. ou seja. no próprio ano eleitoral. ficando sua execução prejudicada em função do disposto na Lei Eleitoral n º 9.504/1997 e Lei 11.300/2006. que impediu a Copel de executar ações que envolviam a distribuição gratuita de bens ou repasse de verbas a fundo perdido. durante o período de 01/07/2007 a 31/10/2007.o A Copel como empresa de economia mista. buscando a transparência e isonomia na aplicação dos recursos do Programa de Eficiência Energética. realiza Chamadas Públicas para a seleção de projetos para compor o seu Programa. Dessa maneira a implementação dos projetos selecionados nas Chamadas Públicas é realizada em parceria com os clientes. através de Termos de Cooperação Técnica. que definem as obrigações entre as partes e os procedimentos para fiscalização e repasse dos recursos.o A Copel como integrante da Administração Pública Indireta do Estado do Paraná. deve atender ao disposto no Decreto Estadual nº 897/2007 de 31/05/2007(que revogou o Decreto nº 3.471 de 30/01/2001). o qual determina a obrigatoriedade da anuência prévia do Governador do Estado para a formalização de Acordos. Convênios. Termos de Cooperação Técnica e/ou Financeira e outros instrumentos congêneres pelos órgãos da Administração Direta e da Indireta do Poder Executivo. bem como os respectivos aditamentos.o Para a execução dos projetos há a necessidade de celebração de Termos de Cooperação Técnica entre a Copel e os clientes. com prévia anuência do Governador do Estado. onde esses processos levam no mínimo 60 (sessenta) dias para a sua liberação. Em 08/03/2007 a Casa Civil na informação nº 506/2007-CTJ solicitou outros documentos para analise do processo- Em 13/03/2007. a COPEL. através de e-mail. solicitou a PM Matinhos para providenciar os documentos solicitados- Em 30/05/2007. a COPEL encaminhou carta SDL/SG-C/0378/2007 para a PM Matinhos informando que até a presente data o processo não havia tramitado na Casa Civil. e como não havia a anuência do Sr. Governador a COPEL informa a PM Matinhos o cancelamento do referido projeto-,1998-01-01,1999-12-31,,1.07253910416156,,,
2024-04-01,EQUATORIAL MARANHAO DISTRIBUIDORA DE ENERGIA S.A.,8120,PE-00037-0060/2020,PROJETO E+ LUZES DA CIDADE-ILUMINACAO PUBLICA DE TIMON,Iluminação Pública,6000.0,0.14,202.78,48.38,Implantação de ações de eficiência energética (AEE) no sistema de iluminação pública no município de Timon. através substituição de luminárias. lâmpadas. reatores. relés fotoelétricos. braços e demais dispositivos de fixação por conjuntos de iluminação com melhor eficiência energética e luminosa. baseados na tecnologia LED.,Sem avaliacao inicial,2020-12-01,2021-09-21,,1.071979247799888,,,
2024-04-01,LIGHT SERVIÇOS DE ELETRICIDADE S A,1779,PE-00382-0077/2005,Educacional,Educacional,160000.0,,5594.0,980.0,,,2004-01-01,2005-12-31,,1.0699364674533656,,,
2024-04-01,ENERGISA MATO GROSSO DISTRIBUIDORA DE ENERGIA S.A.,3741,PE-00405-0101/2020,PROJETO DE EFICIENCIA ENERGETICA PROMOTORIA DE JUSTIA DE MT,Poder Público,8000.0,0.36,288.53,39.22,implantao de aes de modernizao e eficientizao dos sistemas de iluminao e incluso de fontes incentivadas de gerao de energia pela tecnologia fotovoltaica. no edifcio da Promotoria de Justia do Estado do Mato Grosso.,,2020-04-06,2020-12-31,Medio de potncia e estimativa de tempo de funcionamento,1.069622291861037,,,
2024-04-01,COMPANHIA ESTADUAL DE DISTRIBUIÇÃO DE ENERGIA ELÉTRICA - CEEE-D,1035,PE-05707-0040/2007,Eficientização dos Prédios Municipais de Arroio dos Ratos,Poder Público,3049.96,0.6,88.93,33.69,,,2006-01-01,2007-12-31,,1.0675991031432515,,,
2024-04-01,COMPANHIA PAULISTA DE FORÇA E LUZ,1587,PE-00063-0086/1999,Diagnóstico e Implementações em Instalações Industriais,Industrial,13467.89,,350.0,185.0,,,1998-01-01,1999-12-31,,1.0663307780285982,"Companhia Paulista de Força e Luz, Avenida Sete de Setembro, Vila Pavani, Nova Granada, Região Imediata de São José do Rio Preto, Região Metropolitana de São José do Rio Preto, Região Geográfica Intermediária de São José do Rio Preto, São Paulo, Região Sudeste, 15440-000, Brasil",-20.5356207,-49.3242102
2024-04-01,EQUATORIAL PIAUI DISTRIBUIDORA DE ENERGIA S.A.,5210,PE-00038-0027/2020,PROJETO E+ LUZES DA CIDADE- EE NA ILUMINAO PBLICA DE MARCOS PARENTE-PI,Iluminação Pública,4764.48,0.19,153.08,35.34,EFICIENTIZAO DO PARQUE DE ILUMINAO PBLICA DA PREFEITURA DE MARCOS PARENTE-PI,Metodologia escolhida devido ao tipo de influncia dos equipamentos eficientizados.,2020-09-09,2021-03-09,Ser utilizada a opo A do PIMVP.,1.0658617450192263,,,
2024-04-01,COMPANHIA PAULISTA DE FORÇA E LUZ,1586,PE-00063-0085/1999,Diagnóstico e Implementações em Instalações Industriais,Industrial,13467.89,,468.35,63.1,,,1998-01-01,1999-12-31,,1.0656336870970746,"Companhia Paulista de Força e Luz, Avenida Sete de Setembro, Vila Pavani, Nova Granada, Região Imediata de São José do Rio Preto, Região Metropolitana de São José do Rio Preto, Região Geográfica Intermediária de São José do Rio Preto, São Paulo, Região Sudeste, 15440-000, Brasil",-20.5356207,-49.3242102
2024-04-01,ENERGISA MATO GROSSO DO SUL - DISTRIBUIDORA DE ENERGIA S.A.,1156,PE-00404-0039/2000,Recondutoramento de Redes de Distribuição Urbana,Pelo Lado da Oferta/Perdas,275499.94,,9256.1,1577.06,,,1999-01-01,2000-12-31,,1.0652669518313993,,,
2024-04-01,Espírito Santo Distribuição de Energia S/A.,1724,PE-00380-0024/2004,Diagnóstico Energético,Comércio e Serviços,4580.0,,120.0,60.0,,,2003-01-01,2004-12-31,,1.0652124788066821,"EDP - Espírito Santo Distribuição de Energia S. A., 14, Rua Sergipe, Centro, Mucurici, Região Geográfica Imediata de São Mateus, Região Geográfica Intermediária de São Mateus, Espírito Santo, Região Sudeste, 29880-000, Brasil",-18.0946619,-40.5178891
2024-04-01,CENTRAIS ELÉTRICAS DO PARÁ S.A. - CELPA,1081,PE-00371-0057/1999,Educacional,Educacional,43477.0,,1455.3,237.33,,,1998-01-01,1999-12-31,,1.0642349949888754,,,
2024-04-01,COPEL DISTRIBUICAO S.A.,1512,PE-02866-0117/2004,Eficientização Energética - Mabu Thermas e Resort S.A. - Sistema de Ar Condicionado,Comércio e Serviços,8082.7,0.75,173.26,126.33,,,2003-01-01,2004-12-31,,1.0592999715477818,"Copel Distribuição S.A., Rua Vicente Machado, Guarapuava, Região Geográfica Imediata de Guarapuava, Região Geográfica Intermediária de Guarapuava, Paraná, Região Sul, 85010-050, Brasil",-25.38696195,-51.474271
2024-04-01,CEMIG DISTRIBUIÇÃO S.A,1232,PE-04950-0065/2004,Cerrados Mineiros - Plano de Reforço p/ a área de PARACATU,Pelo Lado da Oferta/Perdas,867357.5,0.0,26875.68,5200.0,,,2003-01-01,2004-12-31,,1.0590761925324894,,,
2024-04-01,ENERGISA MATO GROSSO - DISTRIBUIDORA DE ENERGIA S.A.,185,PE-00405-0006/2005,Educacional,Educacional,102341.31,,2910.6,830.65,,Regularização de clientes clandestinos. ações educativas. reforma da rede interna e substituição de refrigeradores e lâmpadas incandescentes por LFC's. Este projeto não apresenta os valores da colunas realizado pois se encontrava em atraso até a data de elaboração do relatório.,2004-01-01,2005-12-31,,1.0579540113019887,,,
2024-04-01,Espírito Santo Distribuição de Energia S/A.,1737,PE-00380-0037/2000,Eficientização de Unidade Poder Público II - UFES,Poder Público,13451.0,0.84,328.0,155.0,,,1999-01-01,2000-12-31,,1.0562389607121998,"EDP - Espírito Santo Distribuição de Energia S. A., 14, Rua Sergipe, Centro, Mucurici, Região Geográfica Imediata de São Mateus, Região Geográfica Intermediária de São Mateus, Espírito Santo, Região Sudeste, 29880-000, Brasil",-18.0946619,-40.5178891
2024-04-01,COPEL DISTRIBUICAO S.A.,38,PE-02866-0013/1999,Projeto Piloto - Incentivo à Aquisição de Motores de Alto Rendimento,Industrial,55092.28,,1411.81,565.63,, Elaboração dos instrumentos legais de cooperação e respectiva aprovação pelas áreas jurídicas da COPEL e instituição. tendo em vista a natureza estatal da COPEL. o que implica na observação de Leis e Decretos. que tornou mais complexa a elaboração dos termos de cooperação. Submissão desses termos à anuência do Governo do Estado. conforme disposto no Decreto nº 3.471. de 30.01.2001. Processos de licitação para aquisição de mão-de-obra e materiais. Termo de Cooperação Técnica entre a FUNDEPAR e a COPEL assinado em junho/2005 Por se tratar de entidade pública. os processos de aquisição de materiais e contratação de mão-de-obra devem ser feitos através de licitação. Pré(Concluído) Pós(Podemos considerar que foram muito positivas as alterações no sistema de iluminação da escola que além de proporcionar uma iluminação de melhor qualidade aos mestres. o resultado no aprendizado para os alunos é notório.Para finalizar. os gastos com manutenção na parte elétrica foram reduzidos. o que proporcionará maiores investimentos em outras áreas da escola.),1998-01-01,1999-12-31,,1.056199665801173,"Copel Distribuição S.A., Rua Vicente Machado, Guarapuava, Região Geográfica Imediata de Guarapuava, Região Geográfica Intermediária de Guarapuava, Paraná, Região Sul, 85010-050, Brasil",-25.38696195,-51.474271
2024-04-01,COPEL DISTRIBUICAO S.A.,95,PE-02866-0051/2004,Substituição de Lâmpadas em Unidades Consumidoras Residenciais de Baixa Renda,Residencial,1747539.32,0.17,44347.5,17010.0,,Pré(Projeto em andamento) Pós(Conforme mencionado nos itens anteriores. as dificuldades encontradas foram na sua totalidade problemas para se adequar as orientações emanadas dos órgãos do governo de SC. Quanto a problemas operacionais para a execução dos serviços de diagnósticos e projetos. algumas dificuldades foram acarretadas em função de que por se tratar a Segurança Pública de uma atividade de alto risco. nem sempre foi possível adentrar em alguns prédios. conforme cronograma de visitas elaborado e discutido com as unidades envolvidas. Fato este. que não comprometeu os trabalhos de campo com um atraso significativo.),2003-01-01,2004-12-31,,1.0541304522287196,"Copel Distribuição S.A., Rua Vicente Machado, Guarapuava, Região Geográfica Imediata de Guarapuava, Região Geográfica Intermediária de Guarapuava, Paraná, Região Sul, 85010-050, Brasil",-25.38696195,-51.474271
2024-04-01,Espírito Santo Distribuição de Energia S/A.,870,PE-00380-0018/2005,Eficiência Energética em Iluminação Pública - Município de Fundão,Iluminação Pública,3881.0,0.81,110.25,25.0,,Lâmpadas,2004-01-01,2005-12-31,,1.0534385653943639,"EDP - Espírito Santo Distribuição de Energia S. A., 14, Rua Sergipe, Centro, Mucurici, Região Geográfica Imediata de São Mateus, Região Geográfica Intermediária de São Mateus, Espírito Santo, Região Sudeste, 29880-000, Brasil",-18.0946619,-40.5178891
2024-04-01,EQUATORIAL PARA DISTRIBUIDORA DE ENERGIA S.A.,8950,PE-00371-0038/2020,PROJETO DE EFICIENTIZACAO DA ILUMINACAO PUBLICA DO MUNICIPIO DE CUMARU DO NORTE,Iluminação Pública,5216.12,0.16,145.37,34.68,Implantação de ações de eficiência energética (AEE) no sistema de iluminação pública no município de Cumaru do Norte. através substituição de luminárias. lâmpadas. reatores. relés fotoelétricos. braços e demais dispositivos de fixação por conjuntos de iluminação com melhor eficiência energética e luminosa. baseados na tecnologia LED.,Sem avaliacao inicial,2020-09-01,2022-11-21,,1.0525625454635987,,,
2024-04-01,COMPANHIA ESTADUAL DE DISTRIBUIÇÃO DE ENERGIA ELÉTRICA - CEEE-D,381,PE-05707-0006/2007,Eficientização dos Prédios Municipais de Cerrito,Poder Público,1907.36,0.74,47.34,17.93,,Não há relatório sobre o projeto. os dados obtidos foram retirados da síntese dos relatórios do ciclo 2001/2002.,2006-01-01,2007-12-31,,1.051774363958765,,,
2024-04-01,COMPANHIA ENERGÉTICA DO RIO GRANDE DO NORTE COSERN,1542,PE-00040-0030/2000,Diagnóstico Energético e Eficientização no Supermercado Bompreço/ Prudente de Morais,Diagnóstico Energético,54860.0,0.29,1680.0,173.0,,,1999-01-01,2000-12-31,,1.0506027666618973,,,
2024-04-01,COMPANHIA ENERGÉTICA DO RIO GRANDE DO NORTE COSERN,1542,PE-00040-0030/2000,Diagnóstico Energético e Eficientização no Supermercado Bompreço/ Prudente de Morais,Diagnóstico Energético,54860.0,,1680.0,173.0,,,1999-01-01,2000-12-31,,1.0506027666618973,,,
2024-04-01,Companhia de Eletricidade do Estado da Bahia,3733,PE-00047-0134/2020,EFICIÊNCIA ENERGÉTICA EM HOSPITAIS PARA ENFRENTAMENTO DO COVID-19,Poder Público,50000.0,0.62,1478.28,176.12,Eficientizar os usos finais iluminação. climatização. refrigeração em hospitais localizados em Salvador/BA e Recife/PE utilizados para o enfrentamento da COVID-19,Projeto de Grande Relevância,2020-04-03,2020-10-21,0,1.0487809318203536,"Companhia de Eletricidade do Estado da Bahia, Avenida Doutor Guilherme Dias, Ginásio Industrial, Brumado, Região Geográfica Intermediária de Vitória da Conquista, Bahia, Região Nordeste, 46100-970, Brasil",-14.207599649999999,-41.669760408092785
2024-04-01,COMPANHIA PAULISTA DE FORÇA E LUZ,289,PE-00063-0034/2004,Instalação de Bancos de Capacitores para melhoria do fator de potência,Pelo Lado da Oferta/Perdas,1875187.0,,50000.0,12000.0,,Execução efetuada de forma lenta devido ao local ser uma área de segurança pública e necessitar de acompanhamento direto de funcionário da polícia em conjunto com equipe de execução,2003-01-01,2004-12-31,,1.0487158099548248,"Companhia Paulista de Força e Luz, Avenida Sete de Setembro, Vila Pavani, Nova Granada, Região Imediata de São José do Rio Preto, Região Metropolitana de São José do Rio Preto, Região Geográfica Intermediária de São José do Rio Preto, São Paulo, Região Sudeste, 15440-000, Brasil",-20.5356207,-49.3242102
2024-04-01,ENERGISA MATO GROSSO - DISTRIBUIDORA DE ENERGIA S.A.,323,PE-00405-0023/2004,Educacional,Educacional,158855.46,,4016.63,1146.3,,Regularização de clientes clandestinos. ações educativas. reforma da rede interna e substituição de refrigeradores e lâmpadas incandescentes por LFC's.,2003-01-01,2004-12-31,,1.0472280390759752,,,
2024-04-01,COMPANHIA PAULISTA DE FORÇA E LUZ,289,PE-00063-0034/2004,Instalação de Bancos de Capacitores para melhoria do fator de potência,Pelo Lado da Oferta/Perdas,1875187.0,,48931.17,11800.0,,Execução efetuada de forma lenta devido ao local ser uma área de segurança pública e necessitar de acompanhamento direto de funcionário da polícia em conjunto com equipe de execução,2003-01-01,2004-12-31,,1.0469263589345417,"Companhia Paulista de Força e Luz, Avenida Sete de Setembro, Vila Pavani, Nova Granada, Região Imediata de São José do Rio Preto, Região Metropolitana de São José do Rio Preto, Região Geográfica Intermediária de São José do Rio Preto, São Paulo, Região Sudeste, 15440-000, Brasil",-20.5356207,-49.3242102
2024-04-01,RGE SUL DISTRIBUIDORA DE ENERGIA S.A.,575,PE-00396-0021/2005,Educacional,Educacional,94088.39,,1728.0,1315.0,,Projeto em andamento na data da entrega do RF,2004-01-01,2005-12-31,,1.0468078756418058,,,
2024-04-01,ENERGISA MATO GROSSO DO SUL - DISTRIBUIDORA DE ENERGIA S.A.,1156,PE-00404-0039/2000,Recondutoramento de Redes de Distribuição Urbana,Pelo Lado da Oferta/Perdas,275499.94,0.19,7635.46,1235.12,,,1999-01-01,2000-12-31,,1.0464275630994917,,,
2024-04-01,COMPANHIA ESTADUAL DE DISTRIBUIÇÃO DE ENERGIA ELÉTRICA - CEEE-D,1036,PE-05707-0041/2007,UFPEL - Eficientização do Sistema de Iluminação,Poder Público,2852.98,0.76,61.22,28.99,,,2006-01-01,2007-12-31,,1.044897236815346,,,
2024-04-01,LIGHT SERVIÇOS DE ELETRICIDADE S A,182,PE-00382-0020/1999,RefrIgeradores Eficientes II,Residencial,155409.96,0.06,4178.0,596.22,,Este projeto tinha como objetivo a substituição de motores de baixo rendimento. por motores de alto rendimento plus Após a realização do Diagnóstico Energético. o cliente desistiu da implantação do projeto. conforme comunicado a essa superintendência através da carta 1707/DE/SGE/05,1998-01-01,1999-12-31,,1.0425189602458604,,,
2024-04-01,RIO GRANDE ENERGIA SA,462,PE-00397-0013/2006,Combate à Fraude e/ou Furto de Energia,Pelo Lado da Oferta/Perdas,732509.0,0.05,18577.0,3534.0,,Projeto Cancelado CANCELADO - Diagnósticos e projeto postergado para o próximo ciclo.,2005-01-01,2006-12-31,,1.0411044365318087,,,
2024-04-01,ENERGISA SERGIPE - DISTRIBUIDORA DE ENERGIA S.A,429,PE-06587-0022/2004,Instalação de Bancos de Capacitores em Sistemas de Distribuição,Pelo Lado da Oferta/Perdas,74500.0,0.0,1751.39,487.22,,Substituição de lâmpadas incandescentes de 60W por lâmpadas fluorescentes compactas de 15W.,2003-01-01,2004-12-31,,1.040742543642923,,,
2024-04-01,Empresa de Eletricidade Vale Paranapanema S/A,338,PE-00389-0002/2000,Recondutoramento de Redes de Distribuição de Baixa Tensão com Divisão de Seção,Pelo Lado da Oferta/Perdas,160433.68,,3031.69,1768.76,,Para melhoria das condições de fornecimento. foi instalado um regulador de tensão na linha de 34.5 kV que alimenta as 2 (duas) subestações.,1999-01-01,2000-12-31,,1.0404073543855212,,,
2024-04-01,EQUATORIAL MARANHAO DISTRIBUIDORA DE ENERGIA S.A.,13619,PE-00037-0057/2020,Municipios do Estado do Maranhão,Iluminação Pública,12476.62,0.46,323.19,42.77,bjetivos Esta Ação de Eficiência Energética (AEE) se baseou na eficientização do uso fim de Iluminação. Foram trocadas ao todo 850 lâmpadas e instalado um rele fotoelétrico em cada ponto de iluminação.,Sem avaliacao inicial,2020-12-01,2023-12-21,,1.038846853341598,,,
2024-04-01,CEMIG DISTRIBUIÇÃO S.A,1247,PE-04950-0080/2001,Eficientização Energética na Indústria - ALURE,Industrial,277600.0,,6680.0,1327.0,,,2000-01-01,2001-12-31,,1.0375563398014715,,,
2024-04-01,COMPANHIA ESTADUAL DE DISTRIBUIÇÃO DE ENERGIA ELÉTRICA - CEEE-D,1034,PE-05707-0039/2007,Eficientização dos Prédios Municipais de Dom Pedrito,Poder Público,3439.07,0.75,71.65,27.14,,,2006-01-01,2007-12-31,,1.0372444000953591,,,
2024-04-01,COMPANHIA PAULISTA DE FORA E LUZ,3772,PE-00063-0203/2020,Projeto Central de Água Gelada Hospital das Clínicas da Unicamp,Poder Público,36000.0,0.6,906.52,99.88,Inserir automação para operação otimizada dos sistemas da central de água gelada do Hospital das Clínicas da Unicamp . possibilitando reduzir o consumo de energia elétrica.,O projeto visa instalar instrumentação e sensoriamento em todos os equipamentos da central de água gelada do hospital e a gestão será automatizada na plataforma Oxyn G5. O benefício será revertido em melhorias para a população. Será utilizada a metodologia B do protocolo de medição e verficação internacional (CMVP EVO) para validação dos ganhos energéticos.,2020-04-27,2021-07-27,0,1.035207635908727,,,
2024-04-01,Espírito Santo Distribuição de Energia S/A.,503,PE-00380-0005/2005,Diagnóstico Energético,Industrial,15139.03,,336.0,87.0,,Foram realizados diagnósticos em 50 empresas do setor industrial.,2004-01-01,2005-12-31,,1.0351691772990577,"EDP - Espírito Santo Distribuição de Energia S. A., 14, Rua Sergipe, Centro, Mucurici, Região Geográfica Imediata de São Mateus, Região Geográfica Intermediária de São Mateus, Espírito Santo, Região Sudeste, 29880-000, Brasil",-18.0946619,-40.5178891
2024-04-01,DME DISTRIBUIÇÃO S.A. - DMED,359,PE-00051-0004/2006,Substituição de Lâmpadas Incandescentes por Lâmpadas Fluorescentes Compactas em Residências de Baixa Renda,Baixa Renda,46425.0,0.36,889.69,393.6,,Não segue o modelo do manual sugerido pela Aneel. sendo assim não fornece as informações necessárias para a obtenção dos dados.,2005-01-01,2006-12-31,,1.0343789880215908,,,
2024-04-01,Espírito Santo Distribuição de Energia S/A.,1735,PE-00380-0035/2006,Diagnóstico Energético,Poder Público,18094.95,,362.0,129.0,,,2005-01-01,2006-12-31,,1.0330366253762502,"EDP - Espírito Santo Distribuição de Energia S. A., 14, Rua Sergipe, Centro, Mucurici, Região Geográfica Imediata de São Mateus, Região Geográfica Intermediária de São Mateus, Espírito Santo, Região Sudeste, 29880-000, Brasil",-18.0946619,-40.5178891
2024-04-01,COMPANHIA ENERGÉTICA DE ALAGOAS - CEAL,150,PE-00044-0008/2005,Diagn. Energ. Industrial,Industrial,70949.73,,1070.0,768.67,,A variação do valor do projeto deveu-se ao fato de os valores efetivos dos estandes terem sido inferiores àqueles inicilamente previstos. Percebeu-se haver uma tendência/interesse das empresas organizadoras de eventos. feiras e exposições em subsidiar/patrocinar/reduzir custos para  assuntos de serviço público. sobretudo quanto ao tema energia elétrica.,2004-01-01,2005-12-31,,1.0298114702836776,,,
2024-04-01,ENERGISA MATO GROSSO - DISTRIBUIDORA DE ENERGIA S.A.,506,PE-00405-0034/2005,Conservação de Energia em Prédios Públicos,Poder Público,80415.04,,2000.0,45.0,,Substituição de lâmpadas incandescentes de 60W por LFC's de 14W.,2004-01-01,2005-12-31,,1.0285300463857938,,,
2024-04-01,Companhia de Eletricidade do Estado da Bahia,3731,PE-00047-0133/2020,EFICINCIA ENERGTICA EM HOSPITAIS PARA ENFRENTAMENTO DO COVID-19,Poder Público,50000.0,0.94,1119.43,118.75,Eficientizar os usos finais iluminao. climatizao. refrigerao em hospitais localizados em Salvador/BA e Recife/PE utilizados para o enfrentamento da COVID-19,Projeto de Grande Relevncia,2020-04-03,2021-04-22,Simulao calibrada da abordagem de medio isolada,1.02676617884199,"Companhia de Eletricidade do Estado da Bahia, Avenida Doutor Guilherme Dias, Ginásio Industrial, Brumado, Região Geográfica Intermediária de Vitória da Conquista, Bahia, Região Nordeste, 46100-970, Brasil",-14.207599649999999,-41.669760408092785
2024-04-01,COMPANHIA ENERGÉTICA DO RIO GRANDE DO NORTE COSERN,17,PE-00040-0017/2006,Progrrama de Instalação de Capacitores em Alimentadores de Distribuição,Pelo Lado da Oferta/Perdas,51561.7,,1142.0,133.0,,O atraso na execução do projeto é devido ao atendimento dos  trâmites e prazos legais. conforme descrito a seguir:A Copel é integrante da Administração Pública  Indireta do Estado do Paraná e. em razão disso. deve observância às normas e princípios que norteiam as atividades da administração pública.Por força de lei. a Copel sujeita-se. dentre outras leis. à Lei eleitoral (Lei nº 9.504/1997). que. com redação dada pela Lei 11.300/2006. estabelece em seu Art. 73 o seguinte:Art. 73 - No ano em que se realizar eleição. fica proibida a distribuição gratuita de bens. valores ou benefícios por parte da Administração Pública. exceto nos casos de calamidade pública. de estado de emergência ou de programas sociais autorizados em lei e já em execução orçamentária no exercício anterior. casos em que o Ministério Público poderá promover o acompanhamento de sua execução financeira e administrativa. (parágrafo acrescido pela Lei nº 11.300 de 10.05.2006 e publicada no DOU em 11.05.2006).O PEE ciclo 2005/2006. foi aprovado em 26/06/2006. ou seja. no próprio ano eleitoral. ficando sua execução prejudicada em função do disposto na  Lei Eleitoral n º 9.504/1997 e Lei 11.300/2006. que impediu a Copel de executar ações que envolviam a distribuição gratuita de bens ou repasse de verbas a fundo perdido. durante o período de 01/07/2007 a 31/10/2007.A Copel como empresa de economia mista. buscando a transparência e isonomia na aplicação dos recursos do Programa de Eficiência Energética. realiza Chamadas Públicas para a seleção de projetos para compor o  seu Programa.  Dessa maneira a implementação dos projetos selecionados nas Chamadas Públicas é realizada em parceria com os clientes. através de Termos de Cooperação Técnica. que definem as obrigações entre as partes e os procedimentos  para fiscalização e repasse dos recursos.A Copel como integrante da Administração Pública Indireta do Estado do Paraná. deve atender ao disposto no Decreto Estadual nº 897/2007 de 31/05/2007(que revogou o Decreto nº 3.471 de 30/01/2001). o qual determina a obrigatoriedade da anuência prévia do Governador do Estado para a formalização de Acordos. Convênios . Termos de Cooperação Técnica e/ou Financeira e outros instrumentos congêneres  pelos órgãos da Administração Direta e da  Indireta do Poder Executivo. bem como os respectivos aditamentos. Para a execução dos projetos há a necessidade de celebração de Termos de Cooperação Técnica entre a Copel e os clientes. com prévia anuência do Governador do Estado. onde esses processos levam no mínimo 60 (sessenta) dias para a sua liberação.,2005-01-01,2006-12-31,,1.0266711225491079,,,
2024-04-01,Copel Distribuição S.A,12246,PE-02866-0296/2020,PEE_CP_002_2019_SHOPPING MUELLER,Comércio e Serviços,6741705.92,0.88,164321.0,200.57,O projeto tem como objetivo a eficientização energética nos sistemas de climatização ambiental no Shopping Center Mueller. de Curitiba-PR.,,2020-01-09,2023-12-29,0,1.0258140063906407,"Copel Distribuição S.A., Rua Vicente Machado, Guarapuava, Região Geográfica Imediata de Guarapuava, Região Geográfica Intermediária de Guarapuava, Paraná, Região Sul, 85010-050, Brasil",-25.38696195,-51.474271
2024-04-01,Espírito Santo Distribuição de Energia S/A.,1727,PE-00380-0027/2006,Eficientização de Unidade Hospitalar II - Hospital Metropolitano,Comércio e Serviços,14698.0,0.7,288.0,69.0,,,2005-01-01,2006-12-31,,1.025511068295606,"EDP - Espírito Santo Distribuição de Energia S. A., 14, Rua Sergipe, Centro, Mucurici, Região Geográfica Imediata de São Mateus, Região Geográfica Intermediária de São Mateus, Espírito Santo, Região Sudeste, 29880-000, Brasil",-18.0946619,-40.5178891
2024-04-01,COMPANHIA ENERGETICA DO CEARA,1454,PE-00039-0032/2005,Eficientização energética em Prédios Públicos,Poder Público,149750.04,,3392.0,240.0,,,2004-01-01,2005-12-31,,1.0254178347603415,"Companhia Energética do Rio Grande do Norte, Rua Heráclio de Araújo Vilar, Santa Águeda, Ceará-Mirim, Região Geográfica Imediata de Natal, Região Geográfica Intermediária de Natal, Rio Grande do Norte, Região Nordeste, 59570-000, Brasil",-5.63498165,-35.4179213689158
2024-04-01,ENERGISA MATO GROSSO DO SUL - DISTRIBUIDORA DE ENERGIA S.A.,1157,PE-00404-0040/2000,Instalação de Bancos Capacitores na Rede de Alta Tensão,Pelo Lado da Oferta/Perdas,680219.0,0.08,14495.0,1450.0,,,1999-01-01,2000-12-31,,1.0232683824674942,,,
2024-04-01,RGE SUL DISTRIBUIDORA DE ENERGIA S.A.,318,PE-00396-0012/2000,Divisão/Desmembramento de Circuitos Secundários de Distribuição,Pelo Lado da Oferta/Perdas,151000.0,0.0,2396.49,1141.67,,Substituição Condicionadores de Ar. Lâmpadas. refrigeradores e ventiladores de baixo rendimento energético por equipamentos de alto rendimento energético.,1999-01-01,2000-12-31,,1.0232433696112408,,,
2024-04-01,ENERGISA MATO GROSSO DO SUL - DISTRIBUIDORA DE ENERGIA S.A.,1161,PE-00404-0044/1999,Gestão Energética - Empresa Sadia S.A.,Industrial,257128.0,,5658.84,362.0,,,1998-01-01,1999-12-31,,1.0232016063887197,,,
2024-04-01,ENERGISA MATO GROSSO DO SUL - DISTRIBUIDORA DE ENERGIA S.A.,1150,PE-00404-0033/2005,Eficientização de prédios pertencentes à Agência Municipal de serviço de saneamento de Cuiabá,Serviços Públicos,120148.1,,231.14,2579.99,,,2004-01-01,2005-12-31,,1.0231526165364917,,,
2024-04-01,Espírito Santo Distribuição de Energia S/A.,503,PE-00380-0005/2005,Diagnóstico Energético,Industrial,15139.03,,235.0,111.0,,Foram realizados diagnósticos em 50 empresas do setor industrial.,2004-01-01,2005-12-31,,1.0217182151143338,"EDP - Espírito Santo Distribuição de Energia S. A., 14, Rua Sergipe, Centro, Mucurici, Região Geográfica Imediata de São Mateus, Região Geográfica Intermediária de São Mateus, Espírito Santo, Região Sudeste, 29880-000, Brasil",-18.0946619,-40.5178891
2024-04-01,CENTRAIS ELÉTRICAS DO PARÁ S.A. - CELPA,844,PE-00371-0033/2005,Eficiência Energética na Telemar,Comércio e Serviços,20961.34,0.38,412.65,53.49,,Cancelado,2004-01-01,2005-12-31,,1.0200871643553546,,,
2024-04-01,Companhia de Eletricidade do Estado da Bahia,1429,PE-00047-0086/1999,Eficientização da Polystar Indústria e Comércio de Produtos,Industrial,247456.54,,4932.0,530.0,,,1998-01-01,1999-12-31,,1.019649456508417,"Companhia de Eletricidade do Estado da Bahia, Avenida Doutor Guilherme Dias, Ginásio Industrial, Brumado, Região Geográfica Intermediária de Vitória da Conquista, Bahia, Região Nordeste, 46100-970, Brasil",-14.207599649999999,-41.669760408092785
2024-04-01,CEMIG DISTRIBUIÇÃO S.A,1181,PE-04950-0013/2001,Substituição de Autoclaves II,Comércio e Serviços,53090.0,0.28,994.0,152.0,,,2000-01-01,2001-12-31,,1.018362644606846,,,
2024-04-01,CEMIG DISTRIBUIÇÃO S.A,1181,PE-04950-0013/2001,Substituição de Autoclaves II,Comércio e Serviços,53090.0,0.3,994.0,152.0,,,2000-01-01,2001-12-31,,1.018362644606846,,,
2024-04-01,ELETROPAULO METROPOLITANA ELETRICIDADE DE SÃO PAULO S.A.,1703,PE-00390-0142/2005,Industrial,Industrial,192568.19,0.33,3485.83,654.0,,,2004-01-01,2005-12-31,,1.0181299509220867,,,
2024-04-01,LIGHT SERVIÇOS DE ELETRICIDADE S A,1794,PE-00382-0093/2006,Programa ALURE - Pan Americana,Industrial,1164361.08,,22800.0,2000.0,,,2005-01-01,2006-12-31,,1.0176043107178814,,,
2024-04-01,ELETROPAULO METROPOLITANA ELETRICIDADE DE SÃO PAULO S.A.,839,PE-00390-0077/2000,Hipermercado BIG / Sonae,Comércio e Serviços,2266041.5,0.48,47398.9,781.3,,925W/transf,1999-01-01,2000-12-31,,1.0175054027452228,,,
2024-04-01,ENERGISA SERGIPE - DISTRIBUIDORA DE ENERGIA S.A,395,PE-06587-0017/2004,Educacional,Educacional,95235.0,,1680.0,300.0,,Regularização de clientes clandestinos. substituição de lâmpadas incandescentes por LFC's e ações educativas.,2003-01-01,2004-12-31,,1.0162593671014353,,,
2024-04-01,RGE SUL DISTRIBUIDORA DE ENERGIA S.A.,891,PE-00396-0042/2001,Incentivo a Eficientização das Salas de Aula Municipais,Poder Público,144000.0,,1987.56,1003.8,,,2000-01-01,2001-12-31,,1.0162135053425392,,,
2024-04-01,ENERGISA MATO GROSSO - DISTRIBUIDORA DE ENERGIA S.A.,231,PE-00405-0016/2004,Procel nas Escolas,Educacional,164706.15,,2619.54,747.59,,Substituição de refrigeradores e lâmpadas incandescentes por lâmpadas fluorescentes compactas. Este projeto não apresenta os valores da colunas realizado pois se encontrava em atraso até a data de elaboração do relatório.,2003-01-01,2004-12-31,,1.015340581583899,,,
2024-04-01,CEMIG DISTRIBUIÇÃO S.A,1257,PE-04950-0090/2005,Projeto Invesores de Frequência,Industrial,145000.0,,2887.0,0.0,,,2004-01-01,2005-12-31,,1.013931241029481,,,
2024-04-01,ENERGISA MATO GROSSO DO SUL - DISTRIBUIDORA DE ENERGIA S.A.,1153,PE-00404-0036/2004,Prédios Públicos,Poder Público,15552.41,,215.0,85.0,,,2003-01-01,2004-12-31,,1.0122896258857015,,,
2024-04-01,Companhia Energética de Pernambuco,1093,PE-00043-0029/2004,Projeto de Eficientização das instalações do Prédio da Prefeitura de Recife,Poder Público,89445.93,0.82,1336.32,358.4,,,2003-01-01,2004-12-31,,1.011383215786798,"Companhia Energética de Pernambuco, 111, Avenida João de Barros, Soledade, Recife, Região Geográfica Imediata do Recife, Região Metropolitana do Recife, Pernambuco, Região Nordeste, 50050-315, Brasil",-8.05378155,-34.89064484744516
2024-04-01,COPEL DISTRIBUICAO S.A.,1538,PE-02866-0144/1999,Faurecia Automotive do Brasil Ltda,Industrial,66490.1,0.12,1103.77,147.41,,,1998-01-01,1999-12-31,,1.0110411944502053,"Copel Distribuição S.A., Rua Vicente Machado, Guarapuava, Região Geográfica Imediata de Guarapuava, Região Geográfica Intermediária de Guarapuava, Paraná, Região Sul, 85010-050, Brasil",-25.38696195,-51.474271
2024-04-01,COMPANHIA PAULISTA DE FORÇA E LUZ,1589,PE-00063-0088/1999,Diagnóstico e Implementações em Instalações Industriais,Industrial,13467.89,,217.0,36.0,,,1998-01-01,1999-12-31,,1.0109562307920836,"Companhia Paulista de Força e Luz, Avenida Sete de Setembro, Vila Pavani, Nova Granada, Região Imediata de São José do Rio Preto, Região Metropolitana de São José do Rio Preto, Região Geográfica Intermediária de São José do Rio Preto, São Paulo, Região Sudeste, 15440-000, Brasil",-20.5356207,-49.3242102
2024-04-01,ENERGISA MATO GROSSO - DISTRIBUIDORA DE ENERGIA S.A.,323,PE-00405-0023/2004,Educacional,Educacional,158855.46,,2308.69,658.87,,Regularização de clientes clandestinos. ações educativas. reforma da rede interna e substituição de refrigeradores e lâmpadas incandescentes por LFC's.,2003-01-01,2004-12-31,,1.010679795179199,,,
2024-04-01,CEB DISTRIBUIÇÃO S.A.,330,PE-05160-0005/2006,Combate à Fraude e Furto de Energia,Pelo Lado da Oferta/Perdas,160430.0,0.0,2538.0,445.7,,O projeto ficou restrito à distribuição de folhetos educativos e que fosse realizado em duas etapas. ao invés de uma como formatado originalmente.,2005-01-01,2006-12-31,,1.0104609835521954,,,
2024-04-01,RGE SUL DISTRIBUIDORA DE ENERGIA S.A.,318,PE-00396-0012/2000,Divisão/Desmembramento de Circuitos Secundários de Distribuição,Pelo Lado da Oferta/Perdas,151000.0,,1900.0,900.0,,Substituição Condicionadores de Ar. Lâmpadas. refrigeradores e ventiladores de baixo rendimento energético por equipamentos de alto rendimento energético.,1999-01-01,2000-12-31,,1.0103152758080047,,,
2024-04-01,MUXFELDT MARIN E CIA LTDA,165,PE-00401-0001/2000,Aquecimento solar para substituição do chuveiro elétrico,Serviços Públicos,1317.72,0.69,4.6,19.44,,substituição de 40 quarenta motores convencionais de 5 CV a 360 CV. para motores de mesma potência de alto rendimento. Os motores existentes possuíam idade média aproximada de 12 anos. além de que em sua grande maioria já haviam sido rebobinados (recuperados). e possuíam um rendimento extremamente baixo para esses tipos de motores elétricos.,1999-01-01,2000-12-31,,1.0095230824296104,,,
2024-04-01,AMPLA ENERGIA E SERVIÇOS S.A.,1321,PE-00383-0008/2006,Substituição de Lâmpadas Incandescentes em residencias,Residencial,182288.0,0.32,2463.75,837.0,,,2005-01-01,2006-12-31,,1.0091629933051218,,,
2024-04-01,CENTRAIS ELÉTRICAS DO PARÁ S.A. - CELPA,1067,PE-00371-0043/2001,Eficiência Energética na Escola de Dança e Fitness Ana Unger,Comércio e Serviços,22272.29,0.18,300.24,96.58,,,2000-01-01,2001-12-31,,1.0083945112990294,,,
2024-04-01,Companhia Sul Paulista de Energia,1601,PE-00073-0010/2005,Doação de Eletros Eficientes em Comunidades de Baixa Renda,Baixa Renda,30711.09,0.46,370.76,169.9,,,2004-01-01,2005-12-31,,1.0078337483857958,,,
2024-04-01,RGE SUL DISTRIBUIDORA DE ENERGIA S.A.,891,PE-00396-0042/2001,Incentivo a Eficientização das Salas de Aula Municipais,Poder Público,144000.0,0.66,1300.0,1200.0,,,2000-01-01,2001-12-31,,1.007189522936992,,,
2024-04-01,Empresa Luz e Força Santa Maria S.A.,317,PE-00381-0007/1999,Eficiência Energética de Lâmpadas em Consumidores de Baixa Renda da Santa Maria,Baixa Renda,91386.0,0.06,938.9,643.08,,O projeto teve por objetivo dotar as instalações da Indústria Ribeiro Chaves S.A.com modernas tecnologias nos sistemas de iluminação e condicionamento de ar,1998-01-01,1999-12-31,,1.0070569088278138,"Empresa Luz e Força Santa Maria S. A., 24, Rua Detroit, Centro, Governador Lindenberg, Região Geográfica Imediata de Colatina, Região Geográfica Intermediária de Colatina, Espírito Santo, Região Sudeste, 29720-000, Brasil",-19.2512465,-40.4593437
2024-04-01,COMPANHIA JAGUARI DE ENERGIA,1759,PE-00069-0007/2004,Doação de Eletros Eficientes em Comunidades de Baixa Renda,Baixa Renda,40196.2,0.51,461.12,230.22,,,2003-01-01,2004-12-31,,1.0067611603641846,,,
2024-04-01,Empresa Luz e Força Santa Maria S.A.,299,PE-00381-0006/2000,Eficiência Energética de Lâmpadas em Consumidores de Baixa Renda da Santa Maria,Baixa Renda,95054.4,0.05,967.1,662.4,,O projeto tinha por objetivo dotar as instalações da Indústria Peixoto Gonçalves. com modernas tecnologias nos sistemas de iluminação e condicionamento de ar Projeto cancelado,1999-01-01,2000-12-31,,1.006612214334977,"Empresa Luz e Força Santa Maria S. A., 24, Rua Detroit, Centro, Governador Lindenberg, Região Geográfica Imediata de Colatina, Região Geográfica Intermediária de Colatina, Espírito Santo, Região Sudeste, 29720-000, Brasil",-19.2512465,-40.4593437
2024-04-01,ENERGISA MATO GROSSO DO SUL - DISTRIBUIDORA DE ENERGIA S.A.,1150,PE-00404-0033/2005,Eficientização de prédios pertencentes à Agência Municipal de serviço de saneamento de Cuiabá,Serviços Públicos,120148.1,,151.21,1895.95,,,2004-01-01,2005-12-31,,1.0063367084715757,,,
2024-04-01,EQUATORIAL MARANHAO DISTRIBUIDORA DE ENERGIA S.A.,8000,PE-00037-0049/2020,PROJETO E+ LUZES DA CIDADE-ILUMINACAO PUBLICA DE JOSELÂNDIA,Iluminação Pública,15000.0,0.24,207.17,47.3,EFICIENTIZACAO DO PARQUE DE ILUMINACAO PUBLICA,Sem avaliacao inicial,2020-12-01,2021-04-01,,1.0061410568974274,,,
2024-04-01,ENERGISA MATO GROSSO - DISTRIBUIDORA DE ENERGIA S.A.,412,PE-00405-0026/2004,Eficiência Energética em Prédios Públicos,Poder Público,91040.35,0.18,1240.83,287.5,,Ações educativas e substituição de refrigeradores e lâmpadas incandescentes de 60W por LFC's de 14W.,2003-01-01,2004-12-31,,1.0056722590439637,,,
2024-04-01,Empresa Luz e Força Santa Maria S.A.,299,PE-00381-0006/2000,Eficiência Energética de Lâmpadas em Consumidores de Baixa Renda da Santa Maria,Baixa Renda,95054.4,0.06,936.88,641.7,,O projeto tinha por objetivo dotar as instalações da Indústria Peixoto Gonçalves. com modernas tecnologias nos sistemas de iluminação e condicionamento de ar Projeto cancelado,1999-01-01,2000-12-31,,1.0051955169655933,"Empresa Luz e Força Santa Maria S. A., 24, Rua Detroit, Centro, Governador Lindenberg, Região Geográfica Imediata de Colatina, Região Geográfica Intermediária de Colatina, Espírito Santo, Região Sudeste, 29720-000, Brasil",-19.2512465,-40.4593437
2024-04-01,COPEL DISTRIBUICAO S.A.,1538,PE-02866-0144/1999,Faurecia Automotive do Brasil Ltda,Industrial,66490.1,0.15,973.59,130.02,,,1998-01-01,1999-12-31,,1.0051716825310957,"Copel Distribuição S.A., Rua Vicente Machado, Guarapuava, Região Geográfica Imediata de Guarapuava, Região Geográfica Intermediária de Guarapuava, Paraná, Região Sul, 85010-050, Brasil",-25.38696195,-51.474271
2024-04-01,ENERGISA MATO GROSSO DO SUL - DISTRIBUIDORA DE ENERGIA S.A.,1151,PE-00404-0034/2004,Eficientização Energética nos Prédios Públicos,Poder Público,79699.5,,1226.0,90.0,,,2003-01-01,2004-12-31,,1.0049440179755609,,,
2024-04-01,RGE SUL DISTRIBUIDORA DE ENERGIA S.A.,893,PE-00396-0044/2006,Sistema de Distribuiçãot:Alimentadores e  Redes Secundárias,Pelo Lado da Oferta/Perdas,1146671.0,,15750.0,3000.0,,,2005-01-01,2006-12-31,,1.0045199845985133,,,
2024-04-01,Companhia Luz e Força de Mococa,444,PE-00070-0005/2000,Doação de Eletros Eficientes em Comunidades de Baixa Renda,Baixa Renda,18110.59,0.38,191.68,97.0,,substituição de motores convencionais (Standard) por motores elétricos de alto rendimento,1999-01-01,2000-12-31,,1.003430814472739,,,
2024-04-01,Companhia Leste Paulista de Energia,763,PE-00071-0008/1999,Doação de Eletros Eficientes em Comunidades de Baixa Renda,Baixa Renda,27455.12,0.31,286.61,149.55,,Não apresentou RF.,1998-01-01,1999-12-31,,1.0032891903695558,,,
2024-04-01,EDP SÃO PAULO DISTRIBUIÇÃO DE ENERGIA S.A.,143,PE-00391-0001/2006,Controle Automático de Chaveamento de Banco de Capacitores,Pelo Lado da Oferta/Perdas,328000.0,0.12,4260.0,935.0,,Instalaram novos sistemas compostos de luminária com refletor em alumínio de alta eficiência. lâmpadas fluorescentes de 32W com reatores eletrônicos. além de lâmpadas fluorescentes compactas. vapor de sódio e vapor metálico. Instalação do sistema de aquecimento de água solar. constituído por coletores solares e tanques de armazenamento. ficando o sistema elétrico como apoio.,2005-01-01,2006-12-31,,1.0031625927564982,,,
2024-04-01,ELETROPAULO METROPOLITANA ELETRICIDADE DE SÃO PAULO S.A.,326,PE-00390-0013/2004,Recondutoramento de Redes de Média Tensão de Distribuição até 34.5 kV,Pelo Lado da Oferta/Perdas,6219800.0,0.0,74983.67,21615.61,,O projeto visa avaliar a implantação do gerenciador de demanda em Vitória da Conquista. As metas deste projeto já foram apropriadas no Ciclo 1998/99.,2003-01-01,2004-12-31,,1.0023494189632058,,,
2024-04-01,ENERGISA SUL-SUDESTE - DISTRIBUIDORA DE ENERGIA S.A.,967,PE-05216-0025/1999,Mudança do Nível de Tensão em Rede de Distribuição Primária,Pelo Lado da Oferta/Perdas,668762.61,,7387.0,2932.75,,,1998-01-01,1999-12-31,,1.0020854355608453,,,
2024-04-01,ENERGISA SUL-SUDESTE - DISTRIBUIDORA DE ENERGIA S.A.,967,PE-05216-0025/1999,Mudança do Nível de Tensão em Rede de Distribuição Primária,Pelo Lado da Oferta/Perdas,668762.61,0.0,7387.0,2932.75,,,1998-01-01,1999-12-31,,1.0020854355608453,,,
2024-04-01,Iguaçu Distribuidora de Energia Elétrica Ltda,1755,PE-00087-0005/2004,Substituição de Lâmpadas Incandescentes por Fluorescentes Compactas em Consumidores de Baixa Renda,Baixa Renda,9979.0,0.08,111.33,40.87,,,2003-01-01,2004-12-31,,1.0016117953948365,,,
2024-04-01,COPEL DISTRIBUICAO S.A.,726,PE-02866-0095/2004,Substituição de Lâmpadas em Unidades Consumidoras Residenciais Classificadas como Baixa Renda,Residencial,1098803.08,,11826.0,4536.0,,Projeto em andamento,2003-01-01,2004-12-31,,1.0006563894635434,"Copel Distribuição S.A., Rua Vicente Machado, Guarapuava, Região Geográfica Imediata de Guarapuava, Região Geográfica Intermediária de Guarapuava, Paraná, Região Sul, 85010-050, Brasil",-25.38696195,-51.474271
2024-04-01,LIGHT SERVIÇOS DE ELETRICIDADE S A,226,PE-00382-0024/2000,Parceria Light/ Cheque Cidadão: Doação de Lâmpadas,Residencial,591421.44,0.37,6570.0,2232.0,,Este projeto teve como objetivo a substituição de resfriador liquido de baixo rendimento. por resfriador liquido de alto rendimento. na unidade consumidora do Condomínio Goiabeiras Shopping Center não apresentou o rcb do projeto,1999-01-01,2000-12-31,,1.0006353379316841,,,
2024-04-01,LIGHT SERVIÇOS DE ELETRICIDADE S A,816,PE-00382-0059/2002,Conjuntos Habitacionais Populares - Doação de Lâmpadas,Residencial,129924.05,0.36,1441.0,490.0,,Projeto Cancelado,2001-01-01,2002-12-31,,1.0005817588946804,,,
2024-04-01,COPEL DISTRIBUICAO S.A.,95,PE-02866-0051/2004,Substituição de Lâmpadas em Unidades Consumidoras Residenciais de Baixa Renda,Residencial,1747539.32,0.07,17562.59,8232.46,,Pré(Projeto em andamento) Pós(Conforme mencionado nos itens anteriores. as dificuldades encontradas foram na sua totalidade problemas para se adequar as orientações emanadas dos órgãos do governo de SC. Quanto a problemas operacionais para a execução dos serviços de diagnósticos e projetos. algumas dificuldades foram acarretadas em função de que por se tratar a Segurança Pública de uma atividade de alto risco. nem sempre foi possível adentrar em alguns prédios. conforme cronograma de visitas elaborado e discutido com as unidades envolvidas. Fato este. que não comprometeu os trabalhos de campo com um atraso significativo.),2003-01-01,2004-12-31,,1.0003126848166901,"Copel Distribuição S.A., Rua Vicente Machado, Guarapuava, Região Geográfica Imediata de Guarapuava, Região Geográfica Intermediária de Guarapuava, Paraná, Região Sul, 85010-050, Brasil",-25.38696195,-51.474271
2024-04-01,CEMIG DISTRIBUIÇÃO S.A,590,PE-04950-0005/1999,Medição do Requisito de Energia Regional,Pelo Lado da Oferta/Perdas,550000.0,,4670.0,3420.0,,10 Refrigeradores substituidos ate o momento,1998-01-01,1999-12-31,,1.0001759771362508,,,
2024-04-01,ENERGISA MATO GROSSO DO SUL - DISTRIBUIDORA DE ENERGIA S.A.,1157,PE-00404-0040/2000,Instalação de Bancos Capacitores na Rede de Alta Tensão,Pelo Lado da Oferta/Perdas,680219.0,,8510.14,1450.0,,,1999-01-01,2000-12-31,,1.0,,,
